denom,uwu,meme
factory/unicorn167xpap77dtenxsq2lzdgx52ntnce2v4h8f72epdwwrak6jxemsrqprj4xm/upurplephat,13285214602267,264903376
factory/unicorn16x8en3qd0xxeuaddlua7r5ysquz0m9xwp2yc9hfmqygmh0vj0r5sm8nf32/uspx,6782966153609,14870758704767
factory/unicorn175u0d6e96xyqch8jqqgc28u2mqsgp2jmu7hedwftxdlytjxt79xsdsxz7p/uinternet,4978492020260,195924788132809
factory/unicorn18aen8nyuq43ellwwu4u53zl29ppj5acv4zn29whyykmcqa62kjhqguzgxk/umondo,3972314657715,280221088605496
factory/unicorn1f4zd0d76l5cmhrks3ux6vep5qu4s8lrsjlrmz6u33jnwahuj4u6qkp9hkc/usyrupcity,11839807974585,5074623307901
factory/unicorn1jz02y53tmfyrultlahwgy7tv05602qpf7psvma34ul4kl8wzrexqtpsxu0/ugobber,5623836029738,154102389727524
factory/unicorn1k8d05n3mx83am9c853390zctmnlq9sf0f2f5ythed0p6y6vff5fsaqpjxp/ujewnicorn,2102669862954,243909703778858
factory/unicorn1lxmvzkqv8t2palwehetj0ntzh3996ffv5jwyrrz3lxveyqjgxgmsyuvn8w/uknightcore,8571390441262,270967173004281
factory/unicorn1neh6dpnvw0whq4lun9jamysldnap28nllf3hs7akhzpaay2nawns6dv7ma/ufoose,29041291315429,51637303794536
factory/unicorn1ntv9sccx6t90njy0uvarkqyk36ry2qttrd2p0c8eeqk60nr4krssd6wfu8/ukys,5110100712028,235421131847800
factory/unicorn1pawhaxskmdkzvfgevs0dh4lxuctn4x8wt2sqyz95tgem9ne2nrwqjg6rvq/udiamond,11745449737381,287763533
factory/unicorn1q7u6kr50e7ar25ry4vu6u9vegj8gfryaucz7szryke89v2pdpf3szq7n9q/ulawb,6402150490691,412802603002947
factory/unicorn1qgyq8sun340s5wlyyu8356l9k0d22kgh85k243v2mns6v7q3l0qsrp9axs/ucrown,6960634725335,318061
factory/unicorn1rn9f6ack3u8t3ed04pfaqpmh5zfp2m2ll4mkty/ualien,7962411712620,130224917604
factory/unicorn1rn9f6ack3u8t3ed04pfaqpmh5zfp2m2ll4mkty/ubear,11015379966551,69092286137012
factory/unicorn1rn9f6ack3u8t3ed04pfaqpmh5zfp2m2ll4mkty/ubearhearth,12665975111657,16223535330
factory/unicorn1rn9f6ack3u8t3ed04pfaqpmh5zfp2m2ll4mkty/ublackflag,297562660824,10705587594376
factory/unicorn1rn9f6ack3u8t3ed04pfaqpmh5zfp2m2ll4mkty/ublissful,16152050228592,6518599806956
factory/unicorn1rn9f6ack3u8t3ed04pfaqpmh5zfp2m2ll4mkty/ublowfish,85675101238,153885640628
factory/unicorn1rn9f6ack3u8t3ed04pfaqpmh5zfp2m2ll4mkty/ubrainlet,9334583129029,14052139599628050266
factory/unicorn1rn9f6ack3u8t3ed04pfaqpmh5zfp2m2ll4mkty/ubugjuice,15951889517888,1778339534796452
factory/unicorn1rn9f6ack3u8t3ed04pfaqpmh5zfp2m2ll4mkty/ucash,51364395977,603518104185444
factory/unicorn1rn9f6ack3u8t3ed04pfaqpmh5zfp2m2ll4mkty/ucat,94828695009,2331611699209673
factory/unicorn1rn9f6ack3u8t3ed04pfaqpmh5zfp2m2ll4mkty/uchains,7841417912561,22568735603406
factory/unicorn1rn9f6ack3u8t3ed04pfaqpmh5zfp2m2ll4mkty/uchick,8797581073,422236790
factory/unicorn1rn9f6ack3u8t3ed04pfaqpmh5zfp2m2ll4mkty/uchina,11702792520847,347064137350807
factory/unicorn1rn9f6ack3u8t3ed04pfaqpmh5zfp2m2ll4mkty/uclown,39241817633,157120887767
factory/unicorn1rn9f6ack3u8t3ed04pfaqpmh5zfp2m2ll4mkty/ucorn,22963575371721,3078187838372
factory/unicorn1rn9f6ack3u8t3ed04pfaqpmh5zfp2m2ll4mkty/ucrystalball,171729932064,66885203469157
factory/unicorn1rn9f6ack3u8t3ed04pfaqpmh5zfp2m2ll4mkty/udiamond,964446771773,171261
factory/unicorn1rn9f6ack3u8t3ed04pfaqpmh5zfp2m2ll4mkty/udice,10222597613090,2052509633847
factory/unicorn1rn9f6ack3u8t3ed04pfaqpmh5zfp2m2ll4mkty/udog,75311646041,1198513816093
factory/unicorn1rn9f6ack3u8t3ed04pfaqpmh5zfp2m2ll4mkty/udogwifgun,11645938326828,13504598183719096
factory/unicorn1rn9f6ack3u8t3ed04pfaqpmh5zfp2m2ll4mkty/ueggplant,9772164189843,304719386704840
factory/unicorn1rn9f6ack3u8t3ed04pfaqpmh5zfp2m2ll4mkty/ueightball,34481169579,1473782480168
factory/unicorn1rn9f6ack3u8t3ed04pfaqpmh5zfp2m2ll4mkty/uenvelop,44239864791,121281780067
factory/unicorn1rn9f6ack3u8t3ed04pfaqpmh5zfp2m2ll4mkty/ufahrenheit,13336389913981,137947150785209769
factory/unicorn1rn9f6ack3u8t3ed04pfaqpmh5zfp2m2ll4mkty/ufrog,14297856610849,12592855647146064
factory/unicorn1rn9f6ack3u8t3ed04pfaqpmh5zfp2m2ll4mkty/ugirl,2646655433332,92365732986847
factory/unicorn1rn9f6ack3u8t3ed04pfaqpmh5zfp2m2ll4mkty/ugun,26384507071447,133170245650890
factory/unicorn1rn9f6ack3u8t3ed04pfaqpmh5zfp2m2ll4mkty/uhammer,14751186625917,3977242522
factory/unicorn1rn9f6ack3u8t3ed04pfaqpmh5zfp2m2ll4mkty/uharambe,1976021217416,1674227293158
factory/unicorn1rn9f6ack3u8t3ed04pfaqpmh5zfp2m2ll4mkty/ujeet,14290470739662,169702873580978859
factory/unicorn1rn9f6ack3u8t3ed04pfaqpmh5zfp2m2ll4mkty/umeat,8753394053821,23872944517020
factory/unicorn1rn9f6ack3u8t3ed04pfaqpmh5zfp2m2ll4mkty/umog,28234198267628,38638666587953933954
factory/unicorn1rn9f6ack3u8t3ed04pfaqpmh5zfp2m2ll4mkty/umoon,14481192169,38428519
factory/unicorn1rn9f6ack3u8t3ed04pfaqpmh5zfp2m2ll4mkty/uorwell,57704166987,1198388242560
factory/unicorn1rn9f6ack3u8t3ed04pfaqpmh5zfp2m2ll4mkty/upaper,13476411210,62630356
factory/unicorn1rn9f6ack3u8t3ed04pfaqpmh5zfp2m2ll4mkty/upeace,10011972812723,322003489279355
factory/unicorn1rn9f6ack3u8t3ed04pfaqpmh5zfp2m2ll4mkty/upeach,17688511438443,13922617123
factory/unicorn1rn9f6ack3u8t3ed04pfaqpmh5zfp2m2ll4mkty/upi,8075589187274,87175723416419
factory/unicorn1rn9f6ack3u8t3ed04pfaqpmh5zfp2m2ll4mkty/uplaceholder,11056650516473,33738646671716
factory/unicorn1rn9f6ack3u8t3ed04pfaqpmh5zfp2m2ll4mkty/upoo,12785381274791,1769081062212162
factory/unicorn1rn9f6ack3u8t3ed04pfaqpmh5zfp2m2ll4mkty/upretzel,8054752205911,8362208105886
factory/unicorn1rn9f6ack3u8t3ed04pfaqpmh5zfp2m2ll4mkty/upurplepill,28326468871922,719826834
factory/unicorn1rn9f6ack3u8t3ed04pfaqpmh5zfp2m2ll4mkty/uretard,13621626658967,220485225301995
factory/unicorn1rn9f6ack3u8t3ed04pfaqpmh5zfp2m2ll4mkty/urock,232622945798,289315153
factory/unicorn1rn9f6ack3u8t3ed04pfaqpmh5zfp2m2ll4mkty/urocket,14164244782782,59870074998478886
factory/unicorn1rn9f6ack3u8t3ed04pfaqpmh5zfp2m2ll4mkty/usa,17104378808192,55999552302681
factory/unicorn1rn9f6ack3u8t3ed04pfaqpmh5zfp2m2ll4mkty/uscisors,128149879213,320046859
factory/unicorn1rn9f6ack3u8t3ed04pfaqpmh5zfp2m2ll4mkty/ushot,11198173940884,321829641319414
factory/unicorn1rn9f6ack3u8t3ed04pfaqpmh5zfp2m2ll4mkty/ushrimp,32053691481,25339630185628
factory/unicorn1rn9f6ack3u8t3ed04pfaqpmh5zfp2m2ll4mkty/uskull,13695737679565,2254697684512
factory/unicorn1rn9f6ack3u8t3ed04pfaqpmh5zfp2m2ll4mkty/usparkle,8014224367700,21809800399463
factory/unicorn1rn9f6ack3u8t3ed04pfaqpmh5zfp2m2ll4mkty/usushi,8546425368061,11734883105653
factory/unicorn1rn9f6ack3u8t3ed04pfaqpmh5zfp2m2ll4mkty/utaco,8785366244402,69495424763697
factory/unicorn1rn9f6ack3u8t3ed04pfaqpmh5zfp2m2ll4mkty/utaiwan,9792149450365,6077447444505
factory/unicorn1rn9f6ack3u8t3ed04pfaqpmh5zfp2m2ll4mkty/utang,6447492253623,23509677261
factory/unicorn1rn9f6ack3u8t3ed04pfaqpmh5zfp2m2ll4mkty/utest,13526447912623,212720753385928
factory/unicorn1rn9f6ack3u8t3ed04pfaqpmh5zfp2m2ll4mkty/uwatermelon,10868863467340,540404987150170
factory/unicorn1rn9f6ack3u8t3ed04pfaqpmh5zfp2m2ll4mkty/uwuxd,1957927241440,20211615517317
factory/unicorn1t50hzs797uecgy8wj3k9lnsktsehttxw7jwdde9rtst4q2xp9fhsvspmxd/uvril,9259110285092,583530590800290
factory/unicorn1t9j6dnlqq5vk4ks0dtlt6rgn9ytp6fxweht708958dz4h7sqvrkq4gqw4w/upurplephat,6614980429907,1285348960
factory/unicorn1tu42zfawk5ztzqrn7uva4kcenjgzda9e977y9rwce7ygz8265mtqdu38ww/upurpdildo,3467542352424,232794619
factory/unicorn1tvmvcfqqvdeffurxafzlwl90f7chj9zsksalsrk6yqy2708eex9q0p2745/ulain,5542452029611,17417453696815
factory/unicorn1v83z5jq6vdy3zqanps77p2c9f8ccly8dzv5ra5yar4up0ydt6rfs55m9zs/uheart,10931786280961,366573095150576
factory/unicorn1y3pugq3g467v6hhlysedeqs2lkrlql7vhejp9eydk0xr8y5xwqas79rc7p/uucoconutdoggy,13263966253592,135361208577525374
