denom,shares
factory/unicorn167xpap77dtenxsq2lzdgx52ntnce2v4h8f72epdwwrak6jxemsrqprj4xm/upurplephat,55609214779
factory/unicorn16x8en3qd0xxeuaddlua7r5ysquz0m9xwp2yc9hfmqygmh0vj0r5sm8nf32/uspx,9981658370141
factory/unicorn175u0d6e96xyqch8jqqgc28u2mqsgp2jmu7hedwftxdlytjxt79xsdsxz7p/uinternet,30931074061623
factory/unicorn18aen8nyuq43ellwwu4u53zl29ppj5acv4zn29whyykmcqa62kjhqguzgxk/umondo,32925354331135
factory/unicorn1f4zd0d76l5cmhrks3ux6vep5qu4s8lrsjlrmz6u33jnwahuj4u6qkp9hkc/usyrupcity,7579403718234
factory/unicorn1jz02y53tmfyrultlahwgy7tv05602qpf7psvma34ul4kl8wzrexqtpsxu0/ugobber,28275952182967
factory/unicorn1k8d05n3mx83am9c853390zctmnlq9sf0f2f5ythed0p6y6vff5fsaqpjxp/ujewnicorn,22420794404937
factory/unicorn1lxmvzkqv8t2palwehetj0ntzh3996ffv5jwyrrz3lxveyqjgxgmsyuvn8w/uknightcore,47763226393792
factory/unicorn1neh6dpnvw0whq4lun9jamysldnap28nllf3hs7akhzpaay2nawns6dv7ma/ufoose,38391493785191
factory/unicorn1ntv9sccx6t90njy0uvarkqyk36ry2qttrd2p0c8eeqk60nr4krssd6wfu8/ukys,34316855576995
factory/unicorn1pawhaxskmdkzvfgevs0dh4lxuctn4x8wt2sqyz95tgem9ne2nrwqjg6rvq/udiamond,56064742038
factory/unicorn1q7u6kr50e7ar25ry4vu6u9vegj8gfryaucz7szryke89v2pdpf3szq7n9q/ulawb,50356166115909
factory/unicorn1qgyq8sun340s5wlyyu8356l9k0d22kgh85k243v2mns6v7q3l0qsrp9axs/ucrown,1442567194
factory/unicorn1rn9f6ack3u8t3ed04pfaqpmh5zfp2m2ll4mkty/ualien,823068608877
factory/unicorn1rn9f6ack3u8t3ed04pfaqpmh5zfp2m2ll4mkty/ubear,25083560357285
factory/unicorn1rn9f6ack3u8t3ed04pfaqpmh5zfp2m2ll4mkty/ubearhearth,399492036099
factory/unicorn1rn9f6ack3u8t3ed04pfaqpmh5zfp2m2ll4mkty/ublackflag,1343249159380
factory/unicorn1rn9f6ack3u8t3ed04pfaqpmh5zfp2m2ll4mkty/ublissful,9530007776597
factory/unicorn1rn9f6ack3u8t3ed04pfaqpmh5zfp2m2ll4mkty/ublowfish,81041755504
factory/unicorn1rn9f6ack3u8t3ed04pfaqpmh5zfp2m2ll4mkty/ubrainlet,10792950597948807
factory/unicorn1rn9f6ack3u8t3ed04pfaqpmh5zfp2m2ll4mkty/ubugjuice,158657939956665
factory/unicorn1rn9f6ack3u8t3ed04pfaqpmh5zfp2m2ll4mkty/ucash,1811136591433
factory/unicorn1rn9f6ack3u8t3ed04pfaqpmh5zfp2m2ll4mkty/ucat,7833447513142
factory/unicorn1rn9f6ack3u8t3ed04pfaqpmh5zfp2m2ll4mkty/uchains,10644944074593
factory/unicorn1rn9f6ack3u8t3ed04pfaqpmh5zfp2m2ll4mkty/uchick,1413705117
factory/unicorn1rn9f6ack3u8t3ed04pfaqpmh5zfp2m2ll4mkty/uchina,53947615528170
factory/unicorn1rn9f6ack3u8t3ed04pfaqpmh5zfp2m2ll4mkty/uclown,61883325384
factory/unicorn1rn9f6ack3u8t3ed04pfaqpmh5zfp2m2ll4mkty/ucorn,6515141735877
factory/unicorn1rn9f6ack3u8t3ed04pfaqpmh5zfp2m2ll4mkty/ucrystalball,2090839952475
factory/unicorn1rn9f6ack3u8t3ed04pfaqpmh5zfp2m2ll4mkty/udiamond,5406655
factory/unicorn1rn9f6ack3u8t3ed04pfaqpmh5zfp2m2ll4mkty/udice,3758947820790
factory/unicorn1rn9f6ack3u8t3ed04pfaqpmh5zfp2m2ll4mkty/udog,163811189086
factory/unicorn1rn9f6ack3u8t3ed04pfaqpmh5zfp2m2ll4mkty/udogwifgun,374477399511496
factory/unicorn1rn9f6ack3u8t3ed04pfaqpmh5zfp2m2ll4mkty/ueggplant,46716769198977
factory/unicorn1rn9f6ack3u8t3ed04pfaqpmh5zfp2m2ll4mkty/ueightball,165295305256
factory/unicorn1rn9f6ack3u8t3ed04pfaqpmh5zfp2m2ll4mkty/uenvelop,59684101239
factory/unicorn1rn9f6ack3u8t3ed04pfaqpmh5zfp2m2ll4mkty/ufahrenheit,1118439772097468
factory/unicorn1rn9f6ack3u8t3ed04pfaqpmh5zfp2m2ll4mkty/ufrog,333713920067084
factory/unicorn1rn9f6ack3u8t3ed04pfaqpmh5zfp2m2ll4mkty/ugirl,12976000764284
factory/unicorn1rn9f6ack3u8t3ed04pfaqpmh5zfp2m2ll4mkty/ugun,49627369917860
factory/unicorn1rn9f6ack3u8t3ed04pfaqpmh5zfp2m2ll4mkty/uhammer,191621437787
factory/unicorn1rn9f6ack3u8t3ed04pfaqpmh5zfp2m2ll4mkty/uharambe,1606126469203
factory/unicorn1rn9f6ack3u8t3ed04pfaqpmh5zfp2m2ll4mkty/ujeet,1494061657970987
factory/unicorn1rn9f6ack3u8t3ed04pfaqpmh5zfp2m2ll4mkty/umeat,12482585792832
factory/unicorn1rn9f6ack3u8t3ed04pfaqpmh5zfp2m2ll4mkty/umog,28007054225718481
factory/unicorn1rn9f6ack3u8t3ed04pfaqpmh5zfp2m2ll4mkty/umoon,351971985
factory/unicorn1rn9f6ack3u8t3ed04pfaqpmh5zfp2m2ll4mkty/uorwell,116088976743
factory/unicorn1rn9f6ack3u8t3ed04pfaqpmh5zfp2m2ll4mkty/upaper,347786926
factory/unicorn1rn9f6ack3u8t3ed04pfaqpmh5zfp2m2ll4mkty/upeace,48637781132080
factory/unicorn1rn9f6ack3u8t3ed04pfaqpmh5zfp2m2ll4mkty/upeach,396724115238
factory/unicorn1rn9f6ack3u8t3ed04pfaqpmh5zfp2m2ll4mkty/upi,22709415796394
factory/unicorn1rn9f6ack3u8t3ed04pfaqpmh5zfp2m2ll4mkty/uplaceholder,15514740113005
factory/unicorn1rn9f6ack3u8t3ed04pfaqpmh5zfp2m2ll4mkty/upoo,125152135778380
factory/unicorn1rn9f6ack3u8t3ed04pfaqpmh5zfp2m2ll4mkty/upretzel,6901979211467
factory/unicorn1rn9f6ack3u8t3ed04pfaqpmh5zfp2m2ll4mkty/upurplepill,89131199803
factory/unicorn1rn9f6ack3u8t3ed04pfaqpmh5zfp2m2ll4mkty/uretard,43675757909222
factory/unicorn1rn9f6ack3u8t3ed04pfaqpmh5zfp2m2ll4mkty/urock,3416813701
factory/unicorn1rn9f6ack3u8t3ed04pfaqpmh5zfp2m2ll4mkty/urocket,831774535943526
factory/unicorn1rn9f6ack3u8t3ed04pfaqpmh5zfp2m2ll4mkty/usa,24885083627328
factory/unicorn1rn9f6ack3u8t3ed04pfaqpmh5zfp2m2ll4mkty/uscisors,2829077725
factory/unicorn1rn9f6ack3u8t3ed04pfaqpmh5zfp2m2ll4mkty/ushot,48146333314119
factory/unicorn1rn9f6ack3u8t3ed04pfaqpmh5zfp2m2ll4mkty/ushrimp,656760960224
factory/unicorn1rn9f6ack3u8t3ed04pfaqpmh5zfp2m2ll4mkty/uskull,4761962517073
factory/unicorn1rn9f6ack3u8t3ed04pfaqpmh5zfp2m2ll4mkty/usparkle,11842826392726
factory/unicorn1rn9f6ack3u8t3ed04pfaqpmh5zfp2m2ll4mkty/usushi,8795970205368
factory/unicorn1rn9f6ack3u8t3ed04pfaqpmh5zfp2m2ll4mkty/utaco,21664500251193
factory/unicorn1rn9f6ack3u8t3ed04pfaqpmh5zfp2m2ll4mkty/utaiwan,6515595515924
factory/unicorn1rn9f6ack3u8t3ed04pfaqpmh5zfp2m2ll4mkty/utang,332679378280
factory/unicorn1rn9f6ack3u8t3ed04pfaqpmh5zfp2m2ll4mkty/utest,43846774452930
factory/unicorn1rn9f6ack3u8t3ed04pfaqpmh5zfp2m2ll4mkty/uwatermelon,69077018022806
factory/unicorn1rn9f6ack3u8t3ed04pfaqpmh5zfp2m2ll4mkty/uwuxd,5456429673412
factory/unicorn1t50hzs797uecgy8wj3k9lnsktsehttxw7jwdde9rtst4q2xp9fhsvspmxd/uvril,72962016018286
factory/unicorn1t9j6dnlqq5vk4ks0dtlt6rgn9ytp6fxweht708958dz4h7sqvrkq4gqw4w/upurplephat,90527171127
factory/unicorn1tu42zfawk5ztzqrn7uva4kcenjgzda9e977y9rwce7ygz8265mtqdu38ww/upurpdildo,28190956510
factory/unicorn1tvmvcfqqvdeffurxafzlwl90f7chj9zsksalsrk6yqy2708eex9q0p2745/ulain,9684313256970
factory/unicorn1v83z5jq6vdy3zqanps77p2c9f8ccly8dzv5ra5yar4up0ydt6rfs55m9zs/uheart,62780979750356
factory/unicorn1y3pugq3g467v6hhlysedeqs2lkrlql7vhejp9eydk0xr8y5xwqas79rc7p/uucoconutdoggy,1289531195850108
