address,uwu
unicorn1qzucfv9stxsavlsy3n6ngm9qgd8y7wzkq6yduc,65157000000
unicorn1qykpgnx9w9ezw45qqee3tywzzzn2zzlyrhj3jg,99999900001
unicorn1qt3fednlxlht0zhgz03kdr7rv8jtgz209mzyn8,0
unicorn1qhnhleur6phase7uh27n799kez8arpzpd3xh5l,1
unicorn1qej7dvr5spd8gt698a5sesa0seuwq4dm9a760f,0
unicorn1q60efyqtp7phplaqg3hz8y44xa9zr5jels34cj,0
unicorn1qad43gvxutjhutxajf44wxev2lcen8yl0zpzqc,31907815172
unicorn1pvxyrv9947p593kge6tq8agpryktfgf5k3vk77,7000000000
unicorn1pdal7lkghlfag52mmzzqxpan2h3trmktma6cky,476709743
unicorn1pwdu78qg6jqf6c76gxepzvclshlpt6kwhnmsgh,2000000000
unicorn1pjttpkz60wamd4he8nxgcjmm4ruve5d88alkr8,0
unicorn1phrtqj0ckme0s07zstj9yv3jevjvtk4knmllxu,730000000
unicorn1p60x29nnaled8x5a3gc8n9wfu98t985zkk7h39,0
unicorn1zx90dztp8f9kcnmg4hggvwz7r0rx0cjkppm0wx,100000
unicorn1zfpgczjwm8kjga8fyl8kj7x8fyp3z2tenwx2m4,0
unicorn1z2vrvnuv7c0pfe4yx6ydpqzx36v0mr5jc35n4u,0
unicorn1zjtvs7na8mck7l2cyhdt8cnz2jzusxtd2y3k0g,431624
unicorn1z65pq4psu8a9tqx6ja9zx5tfc0wh97z5uz2hs4,10000000
unicorn1z7ffw98g4jfnanvjt85h9tqagdn38w9fn3lvrr,0
unicorn1rfl4j6rck49yd73qynfh0au4rg6e30mu68y4g6,1
unicorn1rvf3l75q9eku6h0t2vrj4vnquwzkkff2sa5pgl,0
unicorn1rsntu55zwhlhcfghh2wtzsxkr67qszupq2fduh,0
unicorn1rj565ettms8l8ffud0w0ldan3d4vjvpu0fux0f,500000000
unicorn1reush3l89vgapc2splq9znxx8x9wxu8zf2qm68,0
unicorn1ranpqzc959624vetr87302a43n6es9lu7kcp2y,5000000000
unicorn1yrnd5r74a2uwdn7zrpzaxmvd42p0dw8hvvsqlm,0
unicorn1y8ppdhgdy4gzxjd2rrxfm5wa607fzpu3eqy98n,0
unicorn1ydx97ajgl6mlzjr0nl7w0ecltmpy4u9e0tcuce,21561500000
unicorn1yw504ahmekj2x34ww6sh3775f62v8xe6eejdlx,82997971200
unicorn1y4guq4m58el5ptjjl95t9jhmf8esa7yczuydjt,0
unicorn1y67w03eqljlxmh6nny2r9zwcc9dzgv4a7j5q4u,0
unicorn19pjghxe725lhqrxlcdt9jy3tlwzutx663yzgkw,20000000000
unicorn19y4rc04afsrst5sulwrykcr4nq9pm2ln7he3jd,0
unicorn198uj3ffetplr9szd774wznk2ssjnjkgh0jsvdn,81470000000
unicorn190u5fedjllp72mfa0u3mq4lplf8wtdr9chszfc,0
unicorn19jclk3m6paku869mmnm84zy9hl7nq67e6jl3m8,3256813404
unicorn195x63zceqj9jylnp5luahe7lvh3fvukf4z6qrj,113853991746
unicorn196fcf5q3fuqukucly5hc75u7wuutqnr0tn845m,21561000000
unicorn1xvx6wkk053l5ejdxsmjcnfy2wsvf6z822shjpr,2298000000
unicorn1x33h20pmc8x0q0ge70sfy0x38eaycwcvmlfyvs,0
unicorn1x5zsc6y3g4gnv9vcs8yp6gud49m52f3uyjrkx6,183000000
unicorn1xelsx0kyucrphde5kkuf64e040qwpkxtytucma,3000167980
unicorn1x65ng38pytnkkjnqpz7y052cpfplzuazfh9p5l,467972229543
unicorn18ypcg06xvmjvwam5jxucaazanyn00g5j55sepc,0
unicorn189v5k4uu360wyx33r6fvwspaqww6kk2vsgsvg8,0
unicorn1889c9fhrkxdre6srd25ndjmry3ett2w0kwkjqd,0
unicorn18trqyqnv6rzaf0auzyc38cdyj5xvcv3dzkzc8z,112581990
unicorn18n8s344fyxjevxzzqgx024gjmansdfgtna5nr4,5000000000
unicorn186kjdv5cs59p4708mnsksj28kfy554j4ny0v6l,5000000
unicorn18lzxhsethkcvtxq2rx8apult5f74ljd43h62dr,0
unicorn1gzpvdx8drtm5z58064vma4uwmwaqy93eahl034,0
unicorn1gxvq65tyqkwq7wsurf3plkt7499wmr5nhx8w2j,500000
unicorn1g8p7jmq7gxmwvnazq2d40ygkqesu5den567kn4,0
unicorn1gfl5etmmvdkgnvhfn9frx2y2e6stctw8mlyn7c,0
unicorn1g0argu4rjkdfvx70jpq8xs6gy8tdn2m9kwmep6,21561000000
unicorn1gnkzh33cls42rqtx68yvnlespejk7hr70pgfva,0
unicorn1gcp6qqsj9rkxqgamd4du3txcygdmfsd00r2uvl,21561500000
unicorn1g6ayggrs827ey8kn6jgqrusc9d5n4w3znm7q35,1
unicorn1gavh03xx7p3afe8kzr9q4se344dl4ww0ryxt54,500000
unicorn1fycrl2794tdqyngkwljydkxn0kjfy4udvjm58z,21561000000
unicorn1f9rgcr9q0wfkfuenuxxh2cap83uxyrl8catn4x,0
unicorn1fxgj0ekxqqe9p2jj8a4q48ann7w7n9zsc948dl,90000000
unicorn1ftugudew3qdmgflurw88jsfrwpncewg9la5ytp,16012869278
unicorn1fn9z54wy6slvm78hhsnhhuc0l2ewlrxskxs958,21561000000
unicorn1fnv7wnl3l9j5ryz4zqunv4fmfmfgknnmztf8z9,505000000
unicorn1faa6twhnzxnp74krezz8hjpeh34cds58fl22hq,0
unicorn129vyvzpun6mvhv34dl7e6yxnzcy9wyzch5xq8k,21561000000
unicorn1205u6la29ypy5mehaqf7zqg33ark2knezpz6k2,100
unicorn1204g59lju5lysugsc9d5d686jnnrhavd7v0v7u,66369200000
unicorn12s8fg0z3gcf7nmsrsympvt3laxfx5zj0a3g63m,0
unicorn124zm3fslnstep80zkrnrv9j3n4cyqdljk6cjds,1000000
unicorn12uk4st7ynstxeytls09h4swq8cu99fktkahsvm,21560000000
unicorn1tr96650cxsasxal8maw9zestnwkj747au2747y,10000000000
unicorn1tghgz0mvgpsxtyr8t8u8unlqd95fqxfw9f4w30,21561000000
unicorn1tt7f7psp0rfcum7p3sauztatkkfmgvv4d3x9rf,149061389013
unicorn1tdgjh5u5ktpxvehjntzprdy0cnugsgu35uvl7r,49882779803
unicorn1twk8jmnk2feeuhrnts6hfnpt7tqu584fulexax,0
unicorn1t4n3nzktnn4r2ma7rc9nr2x0yygnkdvjrspxxs,0
unicorn1thgqjee8untqjyy9spg53j7ep6zyqt79vw4e35,0
unicorn1v9w49rtdpkwxeje8xnx9pnf9z9hyr2e02ce0g7,0
unicorn1v25hcqlnwwdyh6v4v8j562j863h44jvf32gydk,1010000000
unicorn1vm6gpjwgq3upm230fehyswwyvdyv8t4fwn659u,0
unicorn1va7cvf6hy0eplxc8ehp6ags45qt5qgfqh8kudk,160777644
unicorn1vlgknkn9qrmg3x3fqjw565sj2d5fdukfnmzuka,432000000
unicorn1dqxe7q8ux0wztmj09xt2hlfd3p4us2h5tk26h7,99
unicorn1drqnu7tkq0eat2whl75kh0zfm6h6uvmpuwte2q,0
unicorn1dwsyqcscxpkcas3f3z8fw5av2lrju9reyk8hn2,3351443111
unicorn1d0nrw7vsktt5wkw4g5593vpz7dyv9jrmxkqqfm,0
unicorn1dkckmahje0xwymnjf94f94rzav7382lxkgwap5,0
unicorn1dh03ffdjzukdkhwnlqq2tfgzlcpj2y5tjwvgzd,21561000000
unicorn1deatsl308l9h7facejyhyfpxx2ptfalzwym92y,0
unicorn1d6vr9xs67dmcd6hjhxafyfwgnpnsugj2ct3utc,1500000000
unicorn1d7h6hqejy04rvpshuf9a6er6qhh89nvcf8cfsd,0
unicorn1wy8h4c3k62hh08uk4864z5nz79755fsgh6vxa0,10
unicorn1w8pxpf20mvdaze0k5p0utez5ry9ye43gsrnhxw,235000000
unicorn1ww5u9tw5ggsx3ljtwgernlh73k3x0dsarp7677,0
unicorn1wsc3l575t7c590ud5q6d08aktvt9wmg8zrrqnj,21561500000
unicorn1w3zzjxfde3hpqpfqwrzq9zzkw7zkl0h4522hvf,21561000000
unicorn1wn9x2v3qw72ulmf38tt05s076jv28hl5w3djvz,2062132
unicorn1wkclqpz9ruuyq9esdw8l20k60d2qg3hj7urklh,0
unicorn1wcp4qf98ykkjs5jf6xg7hvja4tr4wz9cgeknqv,0
unicorn108pvkgt4yvrscqju02st3ac2nfs0r77xu2dszy,10500000000
unicorn102qvzat7hmv2kcxetuhv7nthljta82cszg92gg,0
unicorn10nkz35y0mr4n63ncvacngermn9s3u8cpyva3d9,4500000
unicorn104dmx0kjnfwnyl9ev02h7plyx9kxf459mmsg35,1
unicorn1068jfs4mhwwtscyxzcgcgugs2qqfm4538lalqv,0
unicorn106v0dgp92mwgerjph7aw84wwkutzuq4za7tv7e,1
unicorn10m8hmhvx42js2dupem6qspzhegcl5aw42fuamd,15000000000
unicorn107ygy4dk0dc7n4y90c3mfwjyavqd3g4w9uare5,100000
unicorn1sp4rlsnf4jrlf6st92wphr4tcdwyhpgq6papwq,0
unicorn1sr7ckfkulp2u5p85tcrnee6h5z6u950dfarfyq,5000000
unicorn1ste347f0ke7jx7flqwe6l3yvhjce54kmkvr6z5,2746597695
unicorn1sv4kdv8ptnfhpa5qfccnqfpm3t8jq3mpwgp52e,0
unicorn1sjlews4l6273xm9rfzx3d87cevjdvedjnk4q8z,0
unicorn1sksxen2zgkp4uglje3rh2ptnmezqxerssfx4fw,500
unicorn138pl8udw69f9x5xrhyt4atk83u2nyggu6zg0yg,44369000000
unicorn13gfc7vp64lr8kcsyjpafskscuzeat49r9cxtll,0
unicorn13wcmtsxfzxk3mnvjdkjddwfr60udyn2f5w8f4f,10000000000
unicorn13ss0d3sfekvyukljsejju3cjn0fnt0x6pmaejt,0
unicorn13malrrmcn3vcrnqgjc02et0alj072hjjxt8css,36350000000
unicorn13uvfua2xagjd0tkncn7a9nka05jdw2yg7kqwdh,0
unicorn1jz7av7cq45gh5hhrugtak7lkps2ga5v0aj6qfr,420690000
unicorn1jfy2dg4dka0qkccp2zfyk65dz6xqv0y6dp38xn,0
unicorn1j0kknh8l7lfkg4srpmlw8h4k5l7pz8t3e0tj3f,1
unicorn1j5x8rxpmcfzwzyna60h66903vqha0k68h7ar0u,15765043394
unicorn1jela2zdedr6eqj3yntzeyu3dzq4qc2ljazrghs,3437593925
unicorn1nfuvvse0tn0hatfsr45yr07vy8dz3ctddl07x5,10000000000
unicorn1nds623pacu70e65f8ruqnsyy4epz3ej9ysqxch,0
unicorn1nhs4jkz6k2fwnh4ft7ea95y3hfyu8fvpn42wx8,0
unicorn15pz9araxpvf7p0uaryeeee00k6a5fc76zgpzm9,300000
unicorn15zxndv5sed20dsn3fjxjgy6sdny7x5l0et8hg0,0
unicorn15xq28alrsk6plt4dp7ag7pjvtyangmx6uh6f3y,7200000000
unicorn15xnvvptaj3e87zegqq3q2q90v73udv7epxsmz4,87846
unicorn1522lu3kvl4kz6tpq80qj3w40qrdn73mvvvrsce,0
unicorn152cqcy6dafqnunrl772qqezgv0hxuy8mz36gv8,213726157873
unicorn15t43xkca4lv24xe9eam0l25hk2f5ne9fpzeghw,53153159336
unicorn15d4te6sefatj56enrf6adwu3lr0jcmntmxgezq,2500000000
unicorn15erhyp4wrdp576fv589xsgwy57uu3w5r0msdxa,0
unicorn15e4d2p0f2r4ysdv70pleaf8lcft4x8vjnuc9cn,10389299023
unicorn15uzutmwlffqy6lxf3l3efr8nxy2w7tqwrxncep,2000000000
unicorn15u3828zd4we2sp8j43skqqm0urfapp9cw2vwkv,0
unicorn157wngc9mpfgrjkw279cn6vdpuqpkmevcn3ukmt,21561000000
unicorn14t7ears8j8xhsnn4py0mh4gym5zvp0wfqftzm4,1
unicorn14wv264ngauxx9v5kyrc33yd6q3ek2jvdj75hxc,0
unicorn1kzgttlvuccvrwfhuarvj0mymdl6xl9d59qsm69,0
unicorn1k8ww2jxy2uqmj2x8davhkzhdz6ry5qhxz3cv8x,0
unicorn1ks4652twqpnexa4jd7srvuqehgsnwmfygvggwm,0
unicorn1knzx9a38qv040n07ax9xt5ktmp9pdkwuxk7u4s,58903450098
unicorn1k4xltgqne2x62dxm4n5ef4dhglkk4y9qa88p0j,10666000000
unicorn1k4j7fmmhsvcg0xygjy44xgk74xjtus3dglapeg,0
unicorn1khxml532r99tnux5vkhg8u5lrjckmp98c53t8l,11708905969
unicorn1kmvz98lj9yaxpmmshwjl0h5z7fp7k9e4t43ytn,0
unicorn1kug0e034pwkr4kp7krruakc8gdua0csewjnyj3,36524572
unicorn1k7jf576xnk20u7k8ca85lsnsdsu9q7wagdufsa,8150000000
unicorn1h9t8tphqlp0sesapujr7ra4pknu0anjrcsgche,138247289252
unicorn1hv4rlv94dwwsj3z7l6muye6ndmup0htasptd4a,0
unicorn1hjsskrjda495mjdkpjqmtw9f5ssr7tkrwn3ccq,12993990
unicorn1hecjdhsg3tpact9sjeaakfx68lhv562y9mu05t,0
unicorn1h60q04g4v6m9gls60kl4erngu2qkezt8x0davl,29000000
unicorn1cpatfy534law9sxv8cry0kk9c85jh76vdzydnk,0
unicorn1crg0kyqzhkfjq9al3xl9kwa4dly54s9csmlnca,2500000000
unicorn1crjfy5tvxt0qgp52htsufq5xwep0yzwn9c72lc,0
unicorn1crj4kn35lyff9ru5ky40zqzlpafdqrq29hvlr0,100000000001
unicorn1cxxnrmffzjd7mqhh7j3ygm2u0ap75njudx6ryu,100000000
unicorn1cxdhwfzpzxv7cyjpyac76pttg908hntl7vmsat,0
unicorn1cs5ttlsg0qmxalcgpe0rw2m5003nkth3hwd9ph,2000000000
unicorn1c3zydmjgjy0ch6p3qgc0phwdjhkvu6sf5k8vth,1000000000
unicorn1ch2sctyjer07687ervn4pm5psqavcnxksvhlug,1770331616
unicorn1chlpr5rzmk99ctx082ekeh4zscvjjecaa6prqt,0
unicorn1ce80gp9gzgvtzr9cd6k0dagzkl49c9t3877367,0
unicorn1ced7rdsazrzfzf2n39q8saduf38yfkacycuvl9,0
unicorn1eqzs3d344pewqf9um08266h9dk2ntkcxa9peff,99000000
unicorn1e24em3dgfdyfyzkahl57n8m4spck8f7mxjzade,0
unicorn1ewrlwrchdhp05x98v7q8x2k83huuvgg8mz7mh0,1
unicorn1e3wjth7t9r5hl0saj3aya44002smfnnatlh346,337
unicorn1ej4v7g78mc66vkc82gkqcj043xltz06u99xs0a,500000000
unicorn1e5jprrmun9t7tuuk9qf3s7nu3mg6yq72mv0prs,1000000
unicorn1eenw7krvg777ac3w7u6axlc3hgx8scy2k0v00f,5000000000
unicorn1eu67gjya3wu8dmp787c3f5vg4mkv4fcpkudaw2,2000000
unicorn16y75lgtsrrcpctvseeqsu3kprr00cjqvjcrqg4,1000000
unicorn168xxapm2vjd8f3tscsm8e0tf92fm479p4vh072,0
unicorn1682zy4u30v8q7q39rxxv7x79l5fmt52h3xv8vm,0
unicorn16gaqc4cpgsdjc0s9zp3pc08y4yvktt9qwwhw03,122691080
unicorn16vj52x62r6944w570mewha47nqm3ug9xdthsnc,87434185088
unicorn16vhef5p977ur7qtweewzzd0sytn7ucqrf6gk40,0
unicorn16d3ct907x740pc8qc4d4t0gq70mxv9h3dszh0a,900000
unicorn16n90306acxkuyana308csldtdjjfkprtgm4yyt,1
unicorn16n84sj3zz3y6twfvzdevwh4nxlrph4udndsw5c,0
unicorn1652zt3az3303syx8k5f5fx79ce8dclwywkz9n5,0
unicorn16ah3rtvgwprygrz2vc4fn34grmrx6fd8w8j38m,0
unicorn1mq5h3eqqv328ylxevst4m6ugjgeqpm7ypnuxr0,41000000000
unicorn1mq5u754w234sezjujrdyzruvmu5rqn7zc75tcz,0
unicorn1myj0ee8qhwmuj9and0aestgxw404yhf5nnlypf,11010000
unicorn1m9w02ev3ymp98pps8nkpew9vj20d0f2j7kpdww,802668837
unicorn1mxtmw7n3ctwsrss4a37eqg5qzr3w8f9t8mj52w,0
unicorn1m84nh75hl474k5d83cunrqfxgmrl523u6u3yzj,9260165539
unicorn1mdtpe7a87gruntmj9exvvhjt2g6nkw2tfrepwv,0
unicorn1mwr30rwach2xtv8k732rvz22gwy2wh8hp82z70,0
unicorn1mnxsyppp0s5x90wu3yfal38h4d7rwqger80dhc,1000000
unicorn1uzlkcqs7ymrfwhzgg3xnjnekr7x39vew2ss663,350000000
unicorn1ug54mpujhgp588fyyywes74gm8p4wjgsdlrz9t,0
unicorn1u0lyj7l4n8wt3gxf2xcz8pnwru49wwqpsxcaut,0
unicorn1uu3m9ww54c9muvkta6wvmg5ckyu2q8x4335x2d,100238
unicorn1u7d5t4w9gam5ux3pnc7g3vamj23zk9jwnxa7xk,0
unicorn1aquecc3uc6zy0cl7hc9gu5ea60sv84s7m95lty,369
unicorn1apdz8hs3vmjka2fdvcmj2st3xp4ngxkrtyp498,0
unicorn1a8gx9m553deeajj8jcdlp37tgwqyy2c02psd4m,10000000000
unicorn1a37est2key0x5uhvk2fjze0t6sekdkatzt29ws,27000000000
unicorn1ajggflaq5xm3h9vlm2vfz35h7dmglhxfqm6c8f,1500000000
unicorn1ahth9y8kgdgy2tefmyvgc8p332753xtylpr89q,1
unicorn1ae49x4agussv8u7953neu3fv2z7u9w6svj59v3,26993217
unicorn17z7476yel3yk42awwpn0f6fxex36xnq9n9f3re,21560000000
unicorn179mq94y6vaksdgk0tmnsrcf9lge8yc2sy5jers,21561000000
unicorn17xw5sa3msavcm8ueuu6c7eyzy6ndfuj7yur9g9,0
unicorn178eav0277gzpyz08hz23nzn805v4w63p3p7uft,69611
unicorn170ptpaa9egljzft03kfnljm6qpmkm4nx2v2l96,180875851
unicorn170wqczhmetlzrmqn9zxhk8c6mp6a6783v93vm7,756946
unicorn1703tk3dzw66ww0z8ex0arxtmryrnf22n2csh7e,0
unicorn17sfxm6wq5tlt2tpnw77n8zh5vkpljxdrmz29c2,0
unicorn17sv5exjtljqacj4dexxshsdypzfy96yq3d05ej,0
unicorn173pn5d5lct5xkpx9l85ww8p97c8ssge39zuapg,1
unicorn173sxh0zms7d8nwwr96ahaaw657u3dj847m2w80,0
unicorn174y230y2dm36t0ta5me32yhyy3npnslx47909l,1
unicorn17c0vg65wayh8rfalshtqm0svmdr0fc9dyd9nv9,21561600000
unicorn1lqddp4q36whm0d3zna2kwa90pjrxa6a03huwsc,201258
unicorn1ldvs3hv8225uynvnfvy55xzhv50pg5uc4hg2qa,3000000000
unicorn1ljaj489d8vv9c30pu9rwfhjhne5mnwnhcrae30,0
unicorn1l4v88qrprva0sjzl862wa0tcas04ddqulsu0hr,0
unicorn1l6rh2f096hk0d947jq2hlt27v9mgk8r7d06dur,0
unicorn1lmdtmxjen30xz7wqrga3vutaky7krj8r4zxytm,1628834721
unicorn1la99dy28y6egfydap0lv7qmef883yt2tfwvc8p,300000000
unicorn1lafjclj8wzded7qn5jqsu90clekvyrxplquqqg,2256501214
unicorn1l7a5037tzzepvfa3yuhfvny9h7d4w5uuhmrz9n,1
